ttwacode,ttwaname,All persons,Aged under 15 years,Aged 15 to 64 years,Aged 65 years and over,Asian: Bangladeshi,Asian: Chinese,Asian: Indian,Asian: Pakistani,Asian: Other Asian,Black: African,Black: Caribbean,Black: Other Black,Mixed: White and Asian,Mixed: White and Black African ,Mixed: White and Black Caribbean,Mixed: Other Mixed,White: British,White: Irish,White: Gypsy,White: Roma,White: Other White,Other ethnic group: Arab,Other ethnic group: Any other ethnic group,-8,0,1,2,3,4,5,6,"Job number, thousands, ASHE 8","Median, ASHE 8","Mean, ASHE 8","Job number, ASHE 7","Median, ASHE 7","Mean, ASHE 7",Rent count,Rent mean,Rent median,"Maximum rent, conservative","Maximum rent, central","Maximum rent, stretch"
135,London,10045400,18.27030083,69.18790193,12.54863818,3.276623131,1.557056961,7.082696558,3.016281084,4.230011747,7.398633205,3.542176519,1.528602146,1.380365142,0.83084795,1.420949888,1.828078524,40.95888367,1.712802875,0.097283334,0.393489557,13.89062755,1.441423935,4.406109264,0.194101855,0.131070446,0.064193434,0.084325264,0.027402872,0.108866932,0.365603814,0.024435384,3246,#VALUE!,#VALUE!,4074,706.465557,829.2064581,45530,1660.578509,1511.932887,1065.37271,889.0877957,556.1720879
143,Manchester,1867600,18.71544763,66.055997,15.23148426,0.990602913,1.36713429,2.089917541,6.231751981,1.283567145,3.955836368,0.953512529,0.627928893,0.865554723,0.667557293,1.167942814,0.790206682,70.25441743,1.381612765,0.054385307,0.110982009,4.431998287,1.242514457,1.554920754,0.199147225,0.145892133,0.072339598,0.101450159,0.040599434,0.136768301,0.283430394,0.020372757,727,525.1272352,596.6740028,807,537.0510533,625.57943,14100,918.2666667,842.8368794,817.021492,692.8407679,556.1720879
20,Birmingham,1690900,19.84767284,64.50137205,15.58607251,2.929031877,0.903784967,4.820036667,12.17915903,2.157117511,4.059033651,2.835560944,0.875521911,0.989088651,0.32440712,1.920054409,0.896912887,56.35898634,1.390129517,0.078721391,0.149056715,3.724655509,1.217866225,2.178892897,0.211641103,0.175051705,0.080850945,0.104867174,0.032952913,0.134297224,0.238227342,0.022111595,556,525.055036,600.0805755,675,565.133037,640.1515556,9180,857.6023965,802.2962963,800.5160073,678.8439848,556.1720879
157,Newcastle & Durham,1375200,16.24565154,64.12727603,19.5957388,0.827595986,0.780999127,0.907191681,0.820157068,0.725625364,0.956304538,0.084802211,0.105693717,0.52434555,0.305693717,0.221829552,0.370847877,89.14594241,0.384198662,0.11202007,0.09494619,2.359940372,0.515481385,0.718419139,0.173172583,0.164954298,0.076691387,0.110238038,0.052441226,0.158429189,0.243921879,0.020151402,559,501.1880143,566.6091234,559,492.5796064,549.6118068,9290,631.7922497,572.4488698,767.5050379,650.8504184,556.1720879
127,Leicester,1080800,17.56140822,64.71664508,17.73090303,0.958965581,0.567070688,15.60853997,1.53703738,1.537944115,2.456328645,0.589313472,0.31469282,0.857142857,0.329394893,0.924676166,0.634159882,66.43429867,0.521696891,0.08188379,0.104431902,4.429718727,0.448417839,1.635094375,0.18733041,0.162862688,0.081490057,0.105564414,0.04452413,0.147688464,0.245743634,0.024796202,409,513.9701711,575.5520782,408,504.0340686,568.6232843,6430,739.5194401,690.1041991,841.779719,713.8359427,556.1720879
129,Liverpool,1037300,16.22169093,65.31275427,18.44994698,0.241299528,1.033432951,0.851547286,0.42803432,0.945984768,1.438118191,0.193724091,0.322992384,0.587448183,0.596066712,0.564099103,0.66985443,85.20754844,1.02874771,0.046862046,0.146862046,3.905176902,0.891612841,0.977952376,0.172777414,0.179339656,0.078190295,0.106264897,0.042443394,0.15769713,0.243605593,0.019681622,382,500.9057592,563.5361257,391,506.4393862,575.0567775,6530,671.7963247,629.6630934,817.021492,692.8407679,556.1720879
34,Bristol,979500,16.75576314,66.24683002,17.04563553,0.392914752,0.852649311,1.482746299,1.086707504,0.904420623,2.19553854,0.815916284,0.37079122,0.896896376,0.422562532,1.149106687,0.796896376,79.96920878,0.715038285,0.129647779,0.148228688,6.414109239,0.352210311,0.971230219,0.177596391,0.119499957,0.072033609,0.104357588,0.041947292,0.155977663,0.309128823,0.019458679,443,555.9961625,612.5049661,485,576.0723711,640.2960825,9150,1309.031694,1145.737705,833.5269767,706.8375511,556.1720879
139,Luton & Watford,925100,19.77404605,64.56802508,15.68016431,2.746189601,0.627056534,3.681969517,5.92991028,2.158642309,2.60513458,1.500832342,0.59124419,1.165690196,0.48188304,1.170727489,0.988455302,64.33320722,1.656047995,0.1,0.1951789,8.072024646,0.506615501,1.484228732,0.21050387,0.127423266,0.077876232,0.105632963,0.038533503,0.123972246,0.29377233,0.02228559,384,595.7669271,701.2539063,414,478.4724638,568.0171498,9170,1088.263904,1019.46783,858.2852037,727.8327259,556.1720879
241,Wycombe & Slough,865100,19.3912958,63.59313374,16.99782684,0.354964744,0.552652873,7.448144723,8.074072362,2.351381343,1.824667668,1.021789389,0.392185874,1.235487227,0.354386776,1.029603514,0.954386776,63.07468501,1.14387932,0.117743613,0.118321581,7.447809502,0.500381459,1.939521443,0.206999352,0.116173657,0.071979922,0.103721859,0.036210817,0.120606005,0.322223648,0.022084739,332,602.8481928,724.3614458,326,608.4070552,718.8634969,6040,1261.059603,1146.523179,916.0544001,776.8214671,556.1720879
227,Warrington & Wigan,851600,17.18695397,63.43457022,19.37847581,0.046277595,0.43447628,0.575457961,0.389361202,0.509711132,0.566486613,0.1,0.138668389,0.428017849,0.278487553,0.339819164,0.339819164,91.54188586,0.486096759,0.1,0.078487553,2.970549554,0.2,0.512963833,0.183206437,0.163296435,0.086198538,0.124918933,0.052513839,0.143682804,0.225458471,0.020724543,348,516.8517241,585.5198276,297,508.7558923,584.303367,7780,629.8663239,585.9575835,817.021492,692.8407679,556.1720879
195,Sheffield & Rotherham,822300,17.15859175,64.90098504,17.8404232,0.541408245,0.976760306,0.973732215,4.612112368,1.106056184,2.524224735,0.573732215,0.403028092,0.770704123,0.335352061,1.076760306,0.638380153,78.96070777,0.403028092,0.1,0.367676031,3.147464429,1.179788398,1.273732215,0.183023098,0.168976447,0.080258773,0.106042919,0.047746178,0.14786189,0.245645075,0.020445618,299,486.7822742,553.4214047,302,489.6923841,556.3476821,7550,674.6556291,636.9205298,792.2632649,671.8455932,556.1720879
163,Northampton & Wellingborough,785200,18.24578451,64.20480132,17.60362965,0.733723892,0.354215487,2.16264646,0.516861946,0.708430973,2.713232298,0.808430973,0.554215487,0.554215487,0.4,0.96264646,0.608430973,77.57236373,0.808430973,0.1,0.254215487,9.179508406,0.154215487,0.808430973,0.194285108,0.14961635,0.09142841,0.119250193,0.048337579,0.135438749,0.23733537,0.024308241,326,531.7411043,615.0042945,297,522.6690236,595.296633,6100,816.1393443,782.2295082,841.779719,713.8359427,556.1720879
165,Nottingham,783800,16.69397806,65.89915795,17.43966573,0.33338862,0.931206941,2.578042868,3.314021434,1.454541975,2.790635366,1.536195458,0.639665731,0.840635366,0.435608574,1.971561623,0.764097984,74.82660117,0.672008165,0.041298801,0.152449604,4.828514927,0.600765501,1.274980862,0.177654821,0.146584895,0.07470563,0.102579135,0.042988948,0.171413855,0.263400499,0.020672216,286,500.4965035,568.6783217,270,486.1507407,550.4122222,8320,751.5973558,718.8341346,841.779719,713.8359427,556.1720879
60,Crewe & Northwich,756000,16.25275132,61.9142328,21.83301587,0.2,0.4,0.805502646,0.305502646,0.6,0.4,0.152751323,0.1,0.552751323,0.247248677,0.405502646,0.352751323,90.35597884,0.647248677,0.1,0.1,3.622010582,0.2,0.505502646,0.17341758,0.127387764,0.074132173,0.113215538,0.046708516,0.142652608,0.303168989,0.019316833,300,532.374,640.767,305,519.252459,603.2714754,6800,878.5294118,764.7058824,817.021492,692.8407679,556.1720879
95,Guildford & Aldershot,753500,17.41256802,64.27911082,18.29676178,0.372355674,0.88976775,2.308307896,1.652050431,3.054651626,1.011015262,0.315408096,0.196284008,1.112368945,0.366250829,0.516443265,0.794810883,77.50518912,0.937889847,0.228652953,0.158327804,6.936602522,0.341220969,1.327259456,0.185589714,0.106316684,0.070933558,0.106192441,0.035851915,0.142762467,0.331669735,0.020683486,331,648.7918429,766.9060423,327,607.9941896,680.1293578,8120,1255.725369,1151.80665,916.0544001,776.8214671,556.1720879
141,Maidstone & North Kent,739500,18.67910751,63.24511156,18.05790399,0.475118323,0.414685598,1.623948614,0.430277214,1.249655172,2.343921569,0.532914131,0.391818796,0.714685598,0.375672752,0.675118323,0.617322515,83.08021636,0.637836376,0.432860041,0.161609195,4.916970926,0.137836376,0.901041244,0.198820048,0.150240399,0.092778174,0.125485481,0.048264174,0.141189453,0.220134227,0.023088045,328,542.4594512,631.2371951,298,514.4020134,573.6832215,5530,974.5081374,931.1030741,916.0544001,776.8214671,556.1720879
171,Oxford,725300,16.84194127,65.25003447,17.92881566,0.423493727,1.163683993,1.704053495,1.533448228,1.581883359,1.314835241,0.445746588,0.272094306,1.114352682,0.433792913,0.707293534,0.893644009,76.83346202,0.961257411,0.093395836,0.166896457,8.839583621,0.339294085,1.222183924,0.179592203,0.110870484,0.070175176,0.096974104,0.0380672,0.140204791,0.344566649,0.019549392,349,602.1025788,675.4080229,374,611.7425134,668.8802139,6090,1264.087028,1146.469622,916.0544001,776.8214671,556.1720879
201,Southampton,688700,16.38012197,63.38524757,20.20910411,0.411209525,0.895600407,1.957238275,0.711078844,1.464614491,1.095310004,0.226978365,0.17231015,0.814244228,0.36442573,0.536735879,0.612080732,82.1708291,0.609336431,0.188078989,0.136155075,6.436300276,0.219093945,0.938768695,0.174846532,0.125053479,0.077366026,0.111918582,0.047852266,0.158013902,0.282632793,0.022316421,333,553.7354354,625.3555556,363,549.2807163,610.5429752,9140,1004.140044,930.607221,916.0544001,776.8214671,556.1720879
70,Dudley & Sandwell,665400,19.29286144,63.28733093,17.36842501,1.74147881,0.351382627,7.846558461,5.576269913,1.776269913,2.435948302,2.487330929,0.762443643,0.854147881,0.202765254,1.959678389,0.554147881,66.83106402,0.402765254,0.1,0.1,3.235948302,0.6,2.135948302,0.205622697,0.206530707,0.088770876,0.113711543,0.042777458,0.127049177,0.189238701,0.026298842,244,492.4393443,543.4229508,190,485.55,546.4,2650,718.7811321,700.8490566,800.5160073,678.8439848,556.1720879
59,Crawley,656700,18.31435968,62.55503274,19.15323588,0.40590833,0.477386935,2.627227044,1.404126694,1.558733059,1.362631339,0.480767474,0.376153495,1.082427288,0.472803411,0.662448607,0.922293285,79.63045531,0.937520938,0.185488046,0.122704431,6.099619309,0.236180905,0.989980204,0.195039117,0.109305901,0.080711202,0.122368281,0.037838109,0.139197372,0.293855822,0.021684196,278,606.2845324,712.8773381,230,555.5743478,654.9734783,5220,1203.440613,1130.287356,916.0544001,776.8214671,556.1720879
183,Portsmouth,654400,16.34364303,62.92353301,20.73974633,0.818811125,0.570110024,0.878438264,0.170293399,0.934550733,1.112117971,0.294758557,0.207915648,0.58801956,0.346179707,0.407915648,0.514608802,87.59475856,0.470216993,0.119208435,0.100305623,4.051084963,0.227200489,0.66224022,0.174286799,0.135701705,0.084093102,0.118866439,0.048086304,0.1616682,0.255519146,0.021778304,287,537.5944251,608.189547,252,513.8769841,586.447619,7370,952.1981004,875.0325645,916.0544001,776.8214671,556.1720879
202,Southend & Brentwood,620500,17.8264303,62.13775987,20.02183723,0.475342466,0.4672361,1.579113618,0.522288477,0.959484287,1.995455278,0.475761483,0.408025786,0.693440774,0.432006446,0.789089444,0.626591459,85.1590975,0.790668815,0.085560032,0.071764706,3.685898469,0.113295729,0.684560838,0.189333429,0.161861426,0.100461871,0.132619806,0.04486306,0.140442646,0.207007911,0.02340985,217,571.1608295,690.4221198,174,490.3396552,562.7856322,8290,1031.148372,970.2774427,858.2852037,727.8327259,556.1720879
108,Hull,609300,16.50965042,61.91244051,21.53407189,0.219185951,0.331511571,0.44383719,0.331511571,0.563023141,0.813720663,0.1,0.08767438,0.34383719,0.28767438,0.28767438,0.331511571,89.90942065,0.25616281,0.14383719,0.04383719,4.535696701,0.275348761,0.738371902,0.175982516,0.174793186,0.087147945,0.116060383,0.057961042,0.14283515,0.220536036,0.024683742,251,505.1976096,550.8314741,235,486.1778723,547.5340426,4240,532.125,496.875,792.2632649,671.8455932,556.1720879
112,Ipswich,580600,15.8461247,59.70399587,24.41629349,0.395108508,0.314536686,0.661522563,0.114536686,0.691129866,0.660919738,0.400654495,0.220306579,0.448122632,0.344367895,0.850792284,0.544367895,88.88734068,0.415897348,0.132225284,0.120306579,3.932363073,0.072183948,0.684981054,0.169625094,0.160197974,0.093884186,0.124090368,0.054074816,0.14173394,0.232455068,0.023938553,267,511.9525424,583.5435028,234,512.5514658,574.1156352,4750,795.0477569,753.9507959,858.2852037,727.8327259,556.1720879
216,Thetford & Mildenhall,506900,17.08106135,62.10948905,20.76527915,0.135470507,0.308699941,1.254961531,0.793391201,0.721522983,1.100946932,0.308699941,0.350581969,0.552870389,0.407555731,0.691773525,0.648293549,84.30737818,0.569796804,0.1,0.1,6.653304399,0.072085224,0.8581377,0.182090317,0.171430975,0.092567707,0.123115787,0.05054899,0.141096086,0.213507975,0.025642164,202,513.2871287,569.5876238,207,508.6777778,561.2062802,4730,916.9217759,860.7188161,858.2852037,727.8327259,556.1720879
226,Walsall & Cannock,491000,18.549389,62.21221996,19.23959267,1.336761711,0.279531568,5.034643585,4.056252546,0.820753564,1.41509165,1.089592668,0.389307536,0.654317719,0.179531568,1.278615071,0.416924644,78.27778004,0.42287169,0.057861507,0.057861507,2.770325866,0.115723014,1.247454175,0.197332792,0.187396123,0.09036244,0.116689661,0.043892982,0.133989718,0.206561939,0.023774345,187,507.9882353,566.3074866,173,484.7410405,526.6115607,2710,768.2841328,725.295203,800.5160073,678.8439848,556.1720879
56,Coventry,479500,18.50408759,65.7364755,15.8874244,0.892137643,1.02012513,8.180500521,2.860375391,2.608175182,5.376725756,0.832075078,0.704087591,0.788050052,0.416037539,1.160062565,0.588050052,62.71668405,1.292137643,0.1,0.244025026,7.192450469,0.532075078,2.468237748,0.19615434,0.163161631,0.08436386,0.106738389,0.043856534,0.147991448,0.232039429,0.025694369,198,521.6232323,591.9868687,179,521.8072626,617.2139665,3060,752.0065359,726.2254902,800.5160073,678.8439848,556.1720879
208,Stoke-on-Trent,477500,17.21017801,62.64224084,20.09346597,0.376335079,0.365633508,0.996900524,3.473549738,1.246596859,1.308942408,0.288167539,0.242282723,0.568104712,0.288167539,0.622219895,0.334052356,85.10090052,0.245884817,0.1,0.108230366,3.301424084,0.213989529,0.90678534,0.183401797,0.189036352,0.084615786,0.117139838,0.056033493,0.145269814,0.202773792,0.021729128,208,485.4490385,531.2980769,200,474.9945,518.3225,4170,578.3764988,537.6498801,800.5160073,678.8439848,556.1720879
148,Middlesbrough & Stockton,477000,18.24691824,62.25610063,19.56681342,0.190503145,0.37293501,0.972746331,2.95802935,0.768092243,1.093417191,0.071383648,0.101551363,0.574486373,0.290503145,0.26033543,0.37293501,88.81610063,0.3,0.1,0.101551363,1.428427673,0.482557652,0.72687631,0.194445032,0.170745062,0.078666555,0.106051973,0.055123841,0.14732166,0.219638564,0.020993507,176,474.1244318,530.5443182,155,473.5587097,538.5051613,2900,577.4275862,547.0689655,767.5050379,650.8504184,556.1720879
186,Reading & Bracknell,476300,18.58007558,66.59796347,14.72265379,0.346294352,1.216187277,5.661011967,3.082804955,2.858114634,2.650220449,0.98587025,0.519441528,1.173840017,0.535880747,1.201616628,0.946294352,67.01203023,0.946294352,0.137266429,0.173147176,8.5821751,0.494667227,1.465735881,0.197802012,0.105418122,0.073286295,0.100290977,0.035206235,0.135618416,0.331224973,0.02115297,215,624.1418605,747.3381395,216,641.400463,738.975463,8070,1112.855019,1030.188352,916.0544001,776.8214671,556.1720879
189,Rochdale & Oldham,465900,20.91571153,62.84410818,16.18821636,5.781584031,0.348036059,0.603927882,13.54803606,1.288216355,2.692144237,0.303927882,0.5,0.8,0.448036059,0.807855763,0.448036059,67.50573084,0.644108178,0.1,0.151963941,2.532324533,0.296072118,1.196072118,0.222982657,0.186443861,0.083900508,0.108573198,0.04830407,0.129429241,0.198044345,0.022322118,166,484.0903614,546.8698795,142,468.5422535,534.2422535,1690,654.1301775,617.4556213,817.021492,692.8407679,556.1720879
213,Swindon,445300,17.2656636,62.83523467,19.99229733,0.362070514,0.377633056,4.173815405,0.519312823,1.284235347,1.059016393,0.284437458,0.257242309,0.632023355,0.357242309,0.616460813,0.657242309,82.77907029,0.672804851,0.1,0.125218954,4.886009432,0.079609252,0.824141029,0.183420645,0.126612366,0.090112901,0.12302155,0.045481814,0.135364235,0.272449548,0.02353694,188,533.4489362,636.143617,181,524.3618785,610.2679558,3340,862.5149701,801.257485,833.5269767,706.8375511,556.1720879
128,Lincoln,440000,15.71418182,62.8485,21.39120455,0.125590909,0.341681818,0.510909091,0.147227273,0.488909091,0.468386364,0.151545455,0.078363636,0.447227273,0.247227273,0.431022727,0.325590909,90.68234091,0.475159091,0.150681818,0.075159091,4.26925,0.147227273,0.441681818,0.16779317,0.147266145,0.084030232,0.118743816,0.052065652,0.169650384,0.238613868,0.021836734,192,504.8760417,576.5276042,174,480.3942529,524.0793103,4220,687.5402844,651.3625592,841.779719,713.8359427,556.1720879
164,Norwich,417600,15.50775862,62.8920977,21.56321839,0.272413793,0.609841954,0.984698276,0.203448276,0.879310345,1.019683908,0.168965517,0.168965517,0.637931034,0.437931034,0.406393678,0.572413793,87.47112069,0.468965517,0.068462644,0.068462644,4.778735632,0.272413793,0.609841954,0.16547885,0.143748707,0.084329908,0.118240486,0.048704904,0.156848084,0.261214279,0.021434782,155,503.3993548,576.8354839,164,481.6280488,542.5042683,4020,876.4427861,800.2935323,858.2852037,727.8327259,556.1720879
82,Exeter & Newton Abbot,416400,14.40864553,60.80317003,24.88338136,0.194236311,0.608357349,0.481748319,0.062824207,0.713160423,0.288472622,0.067627281,0.031412104,0.588472622,0.194236311,0.299039385,0.489433237,90.8142171,0.530451489,0.1,0.031412104,3.758405379,0.257060519,0.388472622,0.15410102,0.124998887,0.079812031,0.11662094,0.050283414,0.166625751,0.285581294,0.021976662,169,477.2195266,549.3053254,187,482.657754,535.7112299,4250,906.4776471,813.4023529,833.5269767,706.8375511,556.1720879
48,Chelmsford & Braintree,402900,17.06147928,62.33318441,20.68890544,0.296624473,0.380193596,1.413154629,0.325241996,0.730900968,1.196947133,0.312186647,0.228617523,0.673665922,0.328617523,0.557235046,0.573665922,87.70297841,0.745048399,0.132861752,0.061479275,3.626110697,0.128617523,0.557235046,0.18179797,0.139734782,0.093377331,0.13037288,0.046370002,0.145896922,0.240303485,0.02214663,151,558.2311258,661.9258278,133,500.1150376,555.1706767,3640,1030.695055,975.7197802,858.2852037,727.8327259,556.1720879
41,Cambridge,395400,16.37261002,66.72379868,16.84456247,0.882068791,2.201719777,2.709129995,0.617703591,1.877592312,1.106069803,0.251517451,0.21466869,1.379767324,0.510546282,0.588366211,1.072610015,71.32865453,1.025214972,0.226302479,0.284243804,12.04926657,0.439883662,1.349342438,0.174427634,0.099070246,0.058334994,0.084535824,0.034554887,0.133675014,0.397057658,0.018343743,190,628.3589474,720.1136842,217,613.3119816,707.1294931,4540,1222.215859,1156.277533,858.2852037,727.8327259,556.1720879
63,Derby,387600,17.82321981,63.7255418,18.45123839,0.202321981,0.402321981,3.367389061,5.427812178,1.346491228,1.58369453,0.841847265,0.337203302,0.737203302,0.302321981,1.241847265,0.604643963,75.57708978,0.669762642,0.16744066,0.269762642,4.767389061,0.269762642,1.751135191,0.189174106,0.162060048,0.084013919,0.110213017,0.051851606,0.14178969,0.238312878,0.022584738,151,500.9642384,562.9609272,163,556.2699387,620.8288344,4650,662.2451613,629.6774194,841.779719,713.8359427,556.1720879
33,Brighton,377100,14.42386635,68.19116945,17.3849642,0.494033413,0.914558473,1.088066826,0.247016706,1.214558473,1.135083532,0.347016706,0.173508353,1.314558473,0.694033413,0.794033413,1.288066826,77.87374702,1.241050119,0.1,0.247016706,8.269451074,0.861575179,1.602625298,0.154952996,0.112958254,0.066423671,0.097892289,0.033284523,0.15955592,0.354821617,0.020110731,159,524.3,600.6188679,168,501.5833333,543.5,3790,1339.638522,1217.150396,916.0544001,776.8214671,556.1720879
184,Preston,376700,17.47286966,64.03294399,18.5469339,0.257048049,0.378524024,5.547093178,2.339129281,0.622086541,0.78093974,0.357048049,0.139262012,0.655242899,0.239262012,0.865038492,0.378524024,82.37958588,0.568728431,0.039262012,0.107990443,3.383966021,0.406105654,0.55335811,0.186047264,0.140354472,0.07682329,0.1104524,0.051920488,0.149628366,0.264178847,0.020594872,164,488.8878049,562.6902439,176,488.1880682,543.0590909,3050,644.2131148,616.8032787,817.021492,692.8407679,556.1720879
235,Wolverhampton,374200,18.16445751,62.86646179,18.99861037,0.170470337,0.270470337,11.76584714,1.879877071,1.638936398,3.048343132,2.825521112,1.045644041,0.881881347,0.31141101,2.579877071,0.652351684,65.77362373,0.4,0.129529663,0.140940673,3.859754142,0.31141101,2.373169428,0.193436354,0.189239336,0.0867508,0.112911787,0.043200139,0.127782117,0.219565909,0.027113559,136,512.8676471,574.9411765,115,496.9165217,529.8121739,1160,704.5862069,672.4137931,800.5160073,678.8439848,556.1720879
22,Blackburn,369300,19.15312754,63.14272949,17.80105605,0.974492283,0.261088546,6.869374492,10.99017059,0.646141348,0.37376117,0.077741673,0.041917141,0.731356621,0.135824533,0.238342811,0.341917141,74.57002437,0.490820471,0.064175467,0.064175467,2.28773355,0.289926889,0.557108042,0.204405197,0.166087534,0.079333814,0.110409037,0.049944767,0.134734802,0.234382336,0.020702513,142,486.7464789,559.6232394,124,492.516129,580.7693548,3480,589.2270115,556.3505747,817.021492,692.8407679,556.1720879
206,Stevenage,342600,18.13849971,64.89246935,17.06903094,0.565615879,0.736106246,3.363835377,0.792848803,1.602335085,2.899620549,0.938879159,0.483362522,1.047752481,0.557238762,1.268884997,0.904991243,74.79798599,1.247752481,0.096117922,0.134997081,6.919468768,0.296117922,1.24109749,0.192905511,0.118935377,0.082319675,0.11034863,0.038012984,0.138457686,0.298400233,0.020619905,146,581.0123288,659.7767123,163,586.991411,683.2226994,2740,1098.375912,1029.507299,858.2852037,727.8327259,556.1720879
96,Harlow & Bishop's Stortford,334700,18.77932477,63.50591575,17.7414401,0.367254258,0.556946519,1.086017329,0.524200777,0.839976098,1.722288617,0.467851808,0.339976098,0.861816552,0.383627129,0.756946519,0.745443681,82.55634897,1.006662683,0.12787571,0.17272184,6.316193606,0.20059755,0.895727517,0.200259125,0.126146929,0.084190379,0.120787766,0.040468741,0.135030739,0.273314929,0.019801392,125,599.628,749.9616,99,504.4131313,586.9515152,3560,1131.005618,1057.668539,858.2852037,727.8327259,556.1720879
23,Blackpool,334400,15.22257775,60.05580144,24.87069378,0.150927033,0.342194976,0.44180622,0.250927033,0.61097488,0.208732057,0.1,0.066537081,0.433074163,0.242194976,0.408732057,0.333074163,92.83077153,0.557416268,0.142194976,0.066537081,2.396052632,0.142194976,0.350927033,0.1627592,0.174622114,0.088469659,0.122425771,0.056830627,0.143426201,0.229471756,0.021994671,132,460.8166667,521.5083333,131,461.4549618,524.9618321,3410,614.6158358,593.1818182,817.021492,692.8407679,556.1720879
180,Plymouth,321800,15.97414543,63.71597265,20.25665009,0.164512119,0.446768179,0.429024239,0.08225606,0.693536358,0.675792418,0.164512119,0.08225606,0.48225606,0.264512119,0.364512119,0.48225606,90.45817278,0.41774394,0.1,0.1,3.698353014,0.264512119,0.611280298,0.170310094,0.141160681,0.081562817,0.117487024,0.058687444,0.17241376,0.238116429,0.020261751,128,462.25625,495.7375,126,467.5309524,502.5404762,5670,711.7795414,664.3738977,833.5269767,706.8375511,556.1720879
144,Mansfield,317100,17.16127405,63.286345,19.6473983,0.104541154,0.274676758,0.633554084,0.174676758,0.374676758,0.638536739,0.214506465,0.139829707,0.314506465,0.174676758,0.62901293,0.274676758,90.61173132,0.269694103,0.1,0.069694103,4.536297698,0.134847051,0.419047619,0.18217859,0.196208657,0.096317279,0.124331161,0.054763245,0.145138431,0.178180108,0.02288253,126,478.4484127,533.6539683,111,469.3,535.054955,3660,624.0081967,595.0136612,841.779719,713.8359427,556.1720879
236,Worcester & Malvern,315800,15.42656745,61.31184294,23.26861938,0.23160228,0.31608613,0.738062065,0.914756175,0.53030399,0.355446485,0.13290057,0.074857505,0.5489867,0.223844205,0.440658645,0.36580114,88.67970234,0.5,0.292970234,0.074857505,4.981760608,0.13290057,0.506459785,0.165924189,0.13988793,0.079134123,0.114597462,0.046575768,0.142085747,0.289632168,0.022162611,130,512.2623077,582.6946154,125,509.1328,564.3016,2360,779.2457627,736.8855932,800.5160073,678.8439848,556.1720879
243,York,294800,15.01139756,65.48928087,19.53690638,0.137584803,1.02550882,0.71275441,0.206377205,0.750339213,0.406377205,0.1,0.068792402,0.675169607,0.168792402,0.3,0.406377205,89.35970149,0.537584803,0.2,0.068792402,4.163093623,0.237584803,0.575169607,0.16042516,0.118882172,0.069497437,0.103726777,0.047516357,0.173399638,0.308479549,0.018072911,136,515.1323529,604.8441176,138,508.6521739,593.0347826,3790,920.8522427,832.0580475,792.2632649,671.8455932,556.1720879
52,Chichester & Bognor Regis,288900,14.44295604,57.61547248,27.94157148,0.21408792,0.3,0.44295604,0.05704396,0.58591208,0.34295604,0.14295604,0.1,0.54295604,0.25704396,0.4,0.44295604,89.30138456,0.64295604,0.14295604,0.1,5.440879197,0.1,0.45704396,0.1546716,0.149046311,0.087915791,0.123487204,0.049960451,0.147324817,0.262449357,0.025144468,115,488.0643478,585.9017391,90,466.8966667,523.2233333,2180,1052.5,987.5,916.0544001,776.8214671,556.1720879
228,Warwick & Stratford-upon-Avon,283200,15.66705508,62.43644068,21.89650424,0.052436441,0.667055085,3.99375,0.409745763,0.867055085,0.462182203,0.204872881,0.052436441,0.962182203,0.252436441,0.609745763,0.609745763,82.65402542,1.162182203,0.047563559,0.1,5.815783898,0.152436441,0.924364407,0.166987572,0.112217199,0.066624398,0.100244977,0.038211799,0.142540512,0.353634818,0.019538724,131,606.1320611,710.2603053,143,542.1013986,626.9181818,3200,960.05,888.5,800.5160073,678.8439848,556.1720879
77,Eastbourne,261800,15.51653934,58.62154316,25.76191749,0.316539343,0.377692895,0.594232238,0.138846448,0.849618029,0.471925134,0.177692895,0.077692895,0.738846448,0.316539343,0.416539343,0.616539343,88.03189458,0.777692895,0.161153552,0.1,4.97039725,0.216539343,0.710771581,0.166567045,0.135706997,0.089041399,0.126914875,0.047930829,0.147011499,0.262597781,0.024229576,97,511.2226804,598.914433,85,469.5305882,519.5011765,1940,1024.041237,956.185567,916.0544001,776.8214671,556.1720879
177,Peterborough,256700,20.05765485,63.95348656,15.94094273,0.168056097,0.484028048,2.868757304,6.654187768,2.080560966,2.532645111,0.668056097,0.452084145,0.852084145,0.70416829,0.852084145,0.820140242,64.53116478,0.515971952,0.284028048,0.336112193,12.7153097,0.336112193,2.012504869,0.213668229,0.163463621,0.092005915,0.11478563,0.04371156,0.12293717,0.221882887,0.027544986,104,505.4625,585.35,119,483.3352941,562.1117647,3940,760.5101523,742.3984772,858.2852037,727.8327259,556.1720879
222,Tunbridge Wells,235800,18.6,60.97794741,20.47315522,0.346692112,0.6,1.295589483,0.248897371,0.946692112,0.904410517,0.251102629,0.151102629,1.1,0.3,0.451102629,0.7,84.91543681,0.851102629,0.351102629,0.1,5.688973707,0.148897371,0.648897371,0.198538737,0.116786579,0.073262501,0.116426298,0.036107543,0.125034449,0.314146915,0.019696978,91,571.5769231,706.3241758,90,534.05,586.7,1870,1313.026738,1151.604278,916.0544001,776.8214671,556.1720879
37,Burton upon Trent,231200,17.70726644,63.74636678,18.69273356,0.107266436,0.3,1.641868512,3.939792388,0.76816609,0.507266436,0.353633218,0.1,0.653633218,0.2,0.860899654,0.353633218,83.71764706,0.4,0.1,0.107266436,5.128027682,0.153633218,0.760899654,0.189272866,0.147702689,0.083705494,0.11865833,0.049561729,0.14463738,0.244323179,0.022138332,107,537.9775701,597.0570093,89,520.3280899,569.5932584,1970,720.3147208,670.8121827,800.5160073,678.8439848,556.1720879
49,Cheltenham & Evesham,213700,16.77730463,62.69045391,20.48783341,0.266775854,0.477959757,1.300327562,0.155591951,0.922367805,0.566775854,0.2,0.1,0.822367805,0.255591951,0.544408049,0.566775854,86.40856341,0.766775854,0.233224146,0.1,5.534534394,0.211183903,0.622367805,0.17748227,0.111819968,0.072124371,0.111541052,0.041031728,0.137288715,0.3283908,0.020321098,83,595.6048193,700.6204819,84,564.4464286,642.8607143,2100,910.7142857,832.1428571,833.5269767,706.8375511,556.1720879
51,Chesterfield,205600,15.65194553,61.01089494,23.13715953,0.050389105,0.30077821,0.50155642,0.251167315,0.350389105,0.30077821,0.20077821,0.050389105,0.4,0.150389105,0.50077821,0.250389105,94.38988327,0.350389105,0,0,1.60233463,0.050389105,0.250389105,0.16681793,0.167566662,0.089922571,0.123629787,0.055164448,0.149718248,0.226495954,0.020684399,84,483.575,554.4,70,470.2785714,519.0357143,1960,627.2857143,610.7142857,841.779719,713.8359427,556.1720879
36,"Burnley, Nelson & Colne",190500,19.70230971,62.29711286,17.85086614,1.592493438,0.2,0.349711286,18.19301837,0.499422572,0.2,0.1,0.049711286,0.9,0.149711286,0.2,0.3,71.96593176,0.449711286,0.1,0.1,3.9,0.2,0.7,0.209985915,0.194251117,0.08599669,0.105854677,0.05132276,0.131988542,0.196341263,0.024259036,68,452.1941176,517.6352941,59,446.8474576,512.0169492,1920,509.875,495.3125,817.021492,692.8407679,556.1720879
99,Hastings,184200,15.18262758,58.40059718,26.36623236,0.248371336,0.349457112,0.598914224,0.049457112,0.896742671,0.647285559,0.249457112,0.149457112,0.698914224,0.349457112,0.648371336,0.648371336,88.43583062,0.849457112,0.150542888,0.149457112,3.986970684,0.248371336,0.746199783,0.16248282,0.163201639,0.093364454,0.124623958,0.046400078,0.140153817,0.244978794,0.02479444,74,486.7972973,561.7189189,56,446.6017857,480.2428571,1670,852.6107784,787.0958084,916.0544001,776.8214671,556.1720879
239,Worthing,175900,16.33001706,60.77663445,22.84002274,0.663331438,0.463331438,0.816657192,0.163331438,1.169982945,0.726662877,0.2,0.1,0.863331438,0.5,0.5,0.7,86.43007391,0.8,0.136668562,0.163331438,4.576634451,0.236668562,0.8,0.173831883,0.143897761,0.090588677,0.125120268,0.047382749,0.144822337,0.250760123,0.023596202,80,513.31,594.05,79,493.7101266,554.3189873,1490,1046.288591,976.1744966,916.0544001,776.8214671,556.1720879
